"id","name","birthday","email"
1,"Marja Bordessa","2001-09-16","mbordessa0@flavors.me"
2,"Prissie McMullen","2016-03-23","pmcmullen1@jigsy.com"
3,"Vi Harrisson","1946-04-11","vharrisson2@theglobeandmail.com"
4,"Mervin Paniman","1957-08-30","mpaniman3@mayoclinic.com"
5,"Lorilee Wasiela","1932-08-10","lwasiela4@mysql.com"
6,"Reidar Rimer","1957-10-17","rrimer5@topsy.com"
7,"Kamila Penfold","1974-04-12","kpenfold6@icq.com"
8,"Michele Rushby","1926-08-06","mrushby7@ocn.ne.jp"
9,"Nichole De Avenell","1909-03-11","nde8@dagondesign.com"
10,"Cynthea Smiz","1952-09-18","csmiz9@boston.com"
11,"Jervis Stuke","1946-10-09","jstukea@nih.gov"
12,"Renie McFfaden","1903-10-23","rmcffadenb@t-online.de"
13,"Zabrina Hellens","1927-03-17","zhellensc@diigo.com"
14,"Aubrey Rouzet","1991-10-21","arouzetd@domainmarket.com"
15,"Wilhelmina Lahy","1925-07-23","wlahye@ted.com"
16,"Erskine Trippick","1955-03-06","etrippickf@sitemeter.com"
17,"Mary Humphries","1934-01-12","mhumphriesg@java.com"
18,"Winnie Mc Grath","1991-08-04","wmch@netvibes.com"
19,"Case Rowlson","2007-07-27","crowlsoni@ocn.ne.jp"
20,"Kay Cogar","1947-11-02","kcogarj@wunderground.com"
21,"Timi Parsand","1999-02-13","tparsandk@homestead.com"
22,"Karie Ace",NULL,"kacel@ocn.ne.jp"
23,"Bruce Ramey","1968-07-01","brameym@sitemeter.com"
24,"Hieronymus Ettels","1910-10-11","hettelsn@biblegateway.com"
25,"Kayley Order",NULL,"kordero@cyberchimps.com"
26,"Ryun Tulleth","2001-07-10","rtullethp@hostgator.com"
27,"Angelina Drain","1938-09-12","adrainq@sakura.ne.jp"
28,"Michaela Lacoste","1939-10-14","mlacoster@unc.edu"
29,"Bogey MacAindreis","2013-06-24","bmacaindreiss@weibo.com"
31,"Mervin Brazener","1948-02-19","mbrazeneru@multiply.com"
32,"Auguste Geck","2004-02-05","ageckv@google.it"
33,"Tarah Dignon","1979-03-18","tdignonw@barnesandnoble.com"
34,"Mill Pittam","1973-11-06","mpittamx@wisc.edu"
35,"Conroy Bartozzi","1921-11-02","cbartozziy@mozilla.org"
36,"Cathrin Whiteside","1955-05-27","cwhitesidez@t.co"
37,"Constantine Cooling","2004-10-03","ccooling10@creativecommons.org"
38,"Roseline Chattington","1910-08-14","rchattington11@miibeian.gov.cn"
39,"Morey Alloway","1927-03-29","malloway12@ox.ac.uk"
40,"Ernie Buzek",NULL,"ebuzek13@nih.gov"
41,"Tabina Greenan","1929-12-24","tgreenan14@theatlantic.com"
42,"Martino Gibb","1979-02-07","mgibb15@discovery.com"
43,"Hieronymus Schiesterl","1946-04-24","hschiesterl16@vimeo.com"
44,"Ebeneser Bielby",NULL,"ebielby17@dell.com"
45,"Karissa Fellibrand","1957-09-03","kfellibrand18@ifeng.com"
46,"Michelle Rabbitt","1971-01-16","mrabbitt19@wiley.com"
47,"Allister Leyban","1978-04-09","aleyban1a@sourceforge.net"
48,"Sherlock Thistleton",NULL,"sthistleton1b@goodreads.com"
49,"Moise McSpirron",NULL,"mmcspirron1c@ocn.ne.jp"
50,"Christel Grovier","1989-12-04","cgrovier1d@msu.edu"
51,"Allis Montilla","1974-04-27","amontilla1e@fda.gov"
52,"Gonzales Gurery","1924-06-19","ggurery1f@mail.ru"
53,"Hedy MacKissack",NULL,"hmackissack1g@ow.ly"
54,"Merlina Charlet","1918-02-15","mcharlet1h@ucla.edu"
55,"Grantham Ginnell",NULL,"gginnell1i@merriam-webster.com"
56,"Cecilio Sydenham","1972-01-09","csydenham1j@icio.us"
57,"Shaylyn Haste","1938-12-07","shaste1k@earthlink.net"
58,"Nomi Klemke","1988-02-13","nklemke1l@goo.gl"
59,"Marchall Foxten","1931-09-02","mfoxten1m@homestead.com"
60,"Marlena Karmel",NULL,"mkarmel1n@cisco.com"
61,"Vittorio Stoate","1901-12-25","vstoate1o@google.com"
62,"Clayson Beddin","1952-12-25","cbeddin1p@arstechnica.com"
63,"Hollie Oak","1972-05-01","hoak1q@answers.com"
64,"Gabi Whitfeld","1936-09-13","gwhitfeld1r@auda.org.au"
66,"Lutero Stratton","1962-03-07","lstratton1t@rambler.ru"
67,"Johnathon Dunhill","1968-09-28","jdunhill1u@auda.org.au"
68,"Ewan Barrow","1902-09-27","ebarrow1v@ox.ac.uk"
69,"Banky Tesauro","1919-12-05","btesauro1w@mit.edu"
70,"Gage Teacy","2020-07-15","gteacy1x@ted.com"
71,"Baxy Pietersma",NULL,"bpietersma1y@i2i.jp"
72,"Zebulon Costa",NULL,"zcosta1z@chron.com"
73,"Kiersten Warman","2003-10-04","kwarman20@wisc.edu"
74,"Tam Holton","1901-06-08","tholton21@reddit.com"
75,"Marieann Shepperd","1946-10-29","mshepperd22@1688.com"
76,"Nils Rallin","1944-05-10","nrallin23@hexun.com"
77,"Osborn Newgrosh","1925-08-04","onewgrosh24@reuters.com"
78,"Kincaid Rickeard","1918-11-13","krickeard25@slideshare.net"
79,"Dev Galsworthy","1902-12-22","dgalsworthy26@weibo.com"
80,"Wadsworth Smallpeace",NULL,"wsmallpeace27@livejournal.com"
81,"Lowell Jedraszek","1940-03-29","ljedraszek28@sourceforge.net"
82,"Enoch Roj","2014-12-18","eroj29@usgs.gov"
83,"Budd Crasswell","2018-05-27","bcrasswell2a@guardian.co.uk"
84,"Piggy Pelchat","1900-11-28","ppelchat2b@deviantart.com"
85,"Brook Lethcoe","1949-05-19","blethcoe2c@issuu.com"
86,"Vera Weall","1982-01-24","vweall2d@simplemachines.org"
87,"Laura Chesnay","1919-01-07","lchesnay2e@mashable.com"
88,"Lorrie Kemer","1902-05-20","lkemer2f@sciencedaily.com"
89,"Dyna Knolles-Green","2016-04-01","dknollesgreen2g@de.vu"
90,"Margot Riach","1999-10-06","mriach2h@usgs.gov"
91,"Dorita Mounter","1993-10-23","dmounter2i@webeden.co.uk"
92,"Cully Mapledorum","1930-01-03","cmapledorum2j@alexa.com"
93,"Elianore Ravilus",NULL,"eravilus2k@mediafire.com"
94,"Modesta Vonasek","1910-07-15","mvonasek2l@bigcartel.com"
95,"Drake Houlahan","1904-03-27","dhoulahan2m@sina.com.cn"
96,"Ronny Cleever","1962-02-23","rcleever2n@studiopress.com"
97,"Ruggiero Leggs","2021-02-15","rleggs2o@netlog.com"
98,"Marietta Fabler","2011-12-10","mfabler2p@trellian.com"
99,"Menard Huot","1935-02-18","mhuot2q@nih.gov"
100,"Barbra Sevitt","1933-12-28","bsevitt2r@miibeian.gov.cn"
